[{
    "nombre": "Sergio",
    "edad": "35",
    "apodo": "Felino",
    "foto": "imagen.jpg",
    "posicion": "delantero",
    "estado": true
  },
  {
    "nombre": "Manuel",
    "edad": "25",
    "apodo": "Lolo",
    "foto": "imagen.jpg",
    "posicion": "delantero",
    "estado": true
  },
  {
    "nombre": "Hugo",
    "edad": "25",
    "apodo": "Sheriff",
    "foto": "imagen.jpg",
    "posicion": "delantero",
    "estado": true
  },
  {
    "nombre": "Paco",
    "edad": "22",
    "apodo": "dragon",
    "foto": "imagen.jpg",
    "posicion": "medio",
    "estado": true
  },
  {
    "nombre": "Luis",
    "edad": "22",
    "apodo": "duck",
    "foto": "imagen.jpg",
    "posicion": "defensa",
    "estado": true
  },
  {
    "nombre": "Ernesto",
    "edad": "28",
    "apodo": "stone",
    "foto": "imagen.jpg",
    "posicion": "defensa",
    "estado": true
  },
  {
    "nombre": "Juan",
    "edad": "20",
    "apodo": "gacela",
    "foto": "imagen.jpg",
    "posicion": "lateral",
    "estado": true
  },
  {
    "nombre": "Jose",
    "edad": "40",
    "apodo": "compa",
    "foto": "imagen.jpg",
    "posicion": "lateral",
    "estado": true
  }
]
